CIPHER;TYPE;INPUT;EXECUCOES;MEDIA;DESVIO_PADRAO
Cifra;rsa;entradas/1-musa_consolatrix.txt;30;0.000388406;0.000014489
Cifra;rsa;entradas/2-braz_cubas_I.txt;30;0.000757810;0.000007011
Cifra;rsa;entradas/3-dom_casmurro.txt;30;0.050012005;0.000841903
Cifra;rsa;entradas/4-la_plebe_III.txt;30;0.135597284;0.000594300
Cifra;aes;entradas/1-musa_consolatrix.txt;30;0.000018268;0.000000817
Cifra;aes;entradas/2-braz_cubas_I.txt;30;0.000019376;0.000001351
Cifra;aes;entradas/3-dom_casmurro.txt;30;0.000172668;0.000003628
Cifra;aes;entradas/4-la_plebe_III.txt;30;0.000437160;0.000017330
Cifra;proposed;entradas/1-musa_consolatrix.txt;30;0.000123107;0.000002869
Cifra;proposed;entradas/2-braz_cubas_I.txt;30;0.000481470;0.000015268
Cifra;proposed;entradas/3-dom_casmurro.txt;30;0.049629322;0.000743185
Cifra;proposed;entradas/4-la_plebe_III.txt;30;0.142926027;0.001414279
Decifra;rsa;cifras/rsa-1-musa_consolatrix.txt;30;0.001856123;0.000035288
Decifra;rsa;cifras/rsa-2-braz_cubas_I.txt;30;0.005906063;0.000037980
Decifra;rsa;cifras/rsa-3-dom_casmurro.txt;30;0.572961586;0.013430490
Decifra;rsa;cifras/rsa-4-la_plebe_III.txt;30;1.551747461;0.032158949
Decifra;aes;cifras/aes-1-musa_consolatrix.txt;30;0.000018506;0.000001469
Decifra;aes;cifras/aes-2-braz_cubas_I.txt;30;0.000019395;0.000001725
Decifra;aes;cifras/aes-3-dom_casmurro.txt;30;0.000174977;0.000005478
Decifra;aes;cifras/aes-4-la_plebe_III.txt;30;0.000439116;0.000018054
Decifra;proposed;cifras/proposed-1-musa_consolatrix.txt;30;0.000135698;0.000004839
Decifra;proposed;cifras/proposed-2-braz_cubas_I.txt;30;0.000553351;0.000005407
Decifra;proposed;cifras/proposed-3-dom_casmurro.txt;30;0.057916368;0.000563211
Decifra;proposed;cifras/proposed-4-la_plebe_III.txt;30;0.166396078;0.001384769
