CIPHER;TYPE;INPUT;TIME
Cifra;rsa;entradas/1-musa_consolatrix.txt;0.00041502100066281855
Cifra;rsa;entradas/1-musa_consolatrix.txt;0.00038100800156826153
Cifra;rsa;entradas/1-musa_consolatrix.txt;0.00038123699778225273
Cifra;rsa;entradas/1-musa_consolatrix.txt;0.00038327799848048016
Cifra;rsa;entradas/1-musa_consolatrix.txt;0.0003777720012294594
Cifra;rsa;entradas/1-musa_consolatrix.txt;0.0003818219993263483
Cifra;rsa;entradas/1-musa_consolatrix.txt;0.0004141200006415602
Cifra;rsa;entradas/1-musa_consolatrix.txt;0.00038429100095527247
Cifra;rsa;entradas/1-musa_consolatrix.txt;0.0003821800019068178
Cifra;rsa;entradas/1-musa_consolatrix.txt;0.00037788999907206744
Cifra;rsa;entradas/1-musa_consolatrix.txt;0.00040737400195212103
Cifra;rsa;entradas/1-musa_consolatrix.txt;0.00038067400237196125
Cifra;rsa;entradas/1-musa_consolatrix.txt;0.0003832929978671018
Cifra;rsa;entradas/1-musa_consolatrix.txt;0.00037927800076431595
Cifra;rsa;entradas/1-musa_consolatrix.txt;0.0003825109997706022
Cifra;rsa;entradas/1-musa_consolatrix.txt;0.00043448199721751735
Cifra;rsa;entradas/1-musa_consolatrix.txt;0.00037871899985475466
Cifra;rsa;entradas/1-musa_consolatrix.txt;0.0003896039997925982
Cifra;rsa;entradas/1-musa_consolatrix.txt;0.00037620899820467457
Cifra;rsa;entradas/1-musa_consolatrix.txt;0.000379123001039261
Cifra;rsa;entradas/1-musa_consolatrix.txt;0.00038290299926302396
Cifra;rsa;entradas/1-musa_consolatrix.txt;0.0003904870027326979
Cifra;rsa;entradas/1-musa_consolatrix.txt;0.0003879850009980146
Cifra;rsa;entradas/1-musa_consolatrix.txt;0.00038660099744447507
Cifra;rsa;entradas/1-musa_consolatrix.txt;0.000398797001253115
Cifra;rsa;entradas/1-musa_consolatrix.txt;0.00038486000266857445
Cifra;rsa;entradas/1-musa_consolatrix.txt;0.0003915489978680853
Cifra;rsa;entradas/1-musa_consolatrix.txt;0.0003828469998552464
Cifra;rsa;entradas/1-musa_consolatrix.txt;0.00042888999814749695
Cifra;rsa;entradas/1-musa_consolatrix.txt;0.0003786769993894268
Cifra;rsa;entradas/1-musa_consolatrix.txt;0.0003837299991573673
Cifra;rsa;entradas/2-braz_cubas_I.txt;0.0007551679991593119
Cifra;rsa;entradas/2-braz_cubas_I.txt;0.0007553469986305572
Cifra;rsa;entradas/2-braz_cubas_I.txt;0.0007485999994969461
Cifra;rsa;entradas/2-braz_cubas_I.txt;0.0007520409999415278
Cifra;rsa;entradas/2-braz_cubas_I.txt;0.0007727190022706054
Cifra;rsa;entradas/2-braz_cubas_I.txt;0.0007497599981434178
Cifra;rsa;entradas/2-braz_cubas_I.txt;0.0007510180003009737
Cifra;rsa;entradas/2-braz_cubas_I.txt;0.0007548499997938052
Cifra;rsa;entradas/2-braz_cubas_I.txt;0.0007576759999210481
Cifra;rsa;entradas/2-braz_cubas_I.txt;0.0007533099997090176
Cifra;rsa;entradas/2-braz_cubas_I.txt;0.0007532050003646873
Cifra;rsa;entradas/2-braz_cubas_I.txt;0.0007756140003039036
Cifra;rsa;entradas/2-braz_cubas_I.txt;0.000765112999943085
Cifra;rsa;entradas/2-braz_cubas_I.txt;0.0007555029987997841
Cifra;rsa;entradas/2-braz_cubas_I.txt;0.0007661870004085358
Cifra;rsa;entradas/2-braz_cubas_I.txt;0.0007601670004078187
Cifra;rsa;entradas/2-braz_cubas_I.txt;0.0007515100005548447
Cifra;rsa;entradas/2-braz_cubas_I.txt;0.0007591040011902805
Cifra;rsa;entradas/2-braz_cubas_I.txt;0.0007541070008301176
Cifra;rsa;entradas/2-braz_cubas_I.txt;0.0007612789995619096
Cifra;rsa;entradas/2-braz_cubas_I.txt;0.0007514330027333926
Cifra;rsa;entradas/2-braz_cubas_I.txt;0.0007558299985248595
Cifra;rsa;entradas/2-braz_cubas_I.txt;0.0007611309993080795
Cifra;rsa;entradas/2-braz_cubas_I.txt;0.0007603680023748893
Cifra;rsa;entradas/2-braz_cubas_I.txt;0.0007511789990530815
Cifra;rsa;entradas/2-braz_cubas_I.txt;0.0007608859996253159
Cifra;rsa;entradas/2-braz_cubas_I.txt;0.0007738149979559239
Cifra;rsa;entradas/2-braz_cubas_I.txt;0.0007538840000052005
Cifra;rsa;entradas/2-braz_cubas_I.txt;0.0007554320000053849
Cifra;rsa;entradas/2-braz_cubas_I.txt;0.0007580019992019515
Cifra;rsa;entradas/2-braz_cubas_I.txt;0.0007552300012321211
Cifra;rsa;entradas/3-dom_casmurro.txt;0.05005864299891982
Cifra;rsa;entradas/3-dom_casmurro.txt;0.050077538999175886
Cifra;rsa;entradas/3-dom_casmurro.txt;0.04998006299865665
Cifra;rsa;entradas/3-dom_casmurro.txt;0.0499001540010795
Cifra;rsa;entradas/3-dom_casmurro.txt;0.04976371799784829
Cifra;rsa;entradas/3-dom_casmurro.txt;0.049724948999937624
Cifra;rsa;entradas/3-dom_casmurro.txt;0.04976433499905397
Cifra;rsa;entradas/3-dom_casmurro.txt;0.04990503899898613
Cifra;rsa;entradas/3-dom_casmurro.txt;0.04983369299952756
Cifra;rsa;entradas/3-dom_casmurro.txt;0.049734808002540376
Cifra;rsa;entradas/3-dom_casmurro.txt;0.049922275997232646
Cifra;rsa;entradas/3-dom_casmurro.txt;0.049905533000128344
Cifra;rsa;entradas/3-dom_casmurro.txt;0.050036454002110986
Cifra;rsa;entradas/3-dom_casmurro.txt;0.05020404700189829
Cifra;rsa;entradas/3-dom_casmurro.txt;0.049650232002022676
Cifra;rsa;entradas/3-dom_casmurro.txt;0.05440011500104447
Cifra;rsa;entradas/3-dom_casmurro.txt;0.04984067899931688
Cifra;rsa;entradas/3-dom_casmurro.txt;0.04985390699948766
Cifra;rsa;entradas/3-dom_casmurro.txt;0.050015615997835994
Cifra;rsa;entradas/3-dom_casmurro.txt;0.04978795200077002
Cifra;rsa;entradas/3-dom_casmurro.txt;0.049683707002259325
Cifra;rsa;entradas/3-dom_casmurro.txt;0.04977277099897037
Cifra;rsa;entradas/3-dom_casmurro.txt;0.049825661997601856
Cifra;rsa;entradas/3-dom_casmurro.txt;0.050010582999675535
Cifra;rsa;entradas/3-dom_casmurro.txt;0.04992053699970711
Cifra;rsa;entradas/3-dom_casmurro.txt;0.04990195199934533
Cifra;rsa;entradas/3-dom_casmurro.txt;0.04964303800079506
Cifra;rsa;entradas/3-dom_casmurro.txt;0.0496996459987713
Cifra;rsa;entradas/3-dom_casmurro.txt;0.0501425990005373
Cifra;rsa;entradas/3-dom_casmurro.txt;0.049600308997469256
Cifra;rsa;entradas/3-dom_casmurro.txt;0.04985822800153983
Cifra;rsa;entradas/4-la_plebe_III.txt;0.13631792899832362
Cifra;rsa;entradas/4-la_plebe_III.txt;0.13522880999880726
Cifra;rsa;entradas/4-la_plebe_III.txt;0.13522188100250787
Cifra;rsa;entradas/4-la_plebe_III.txt;0.13517357100135996
Cifra;rsa;entradas/4-la_plebe_III.txt;0.136785263002821
Cifra;rsa;entradas/4-la_plebe_III.txt;0.13510269199832692
Cifra;rsa;entradas/4-la_plebe_III.txt;0.13560940400202526
Cifra;rsa;entradas/4-la_plebe_III.txt;0.13515619399913703
Cifra;rsa;entradas/4-la_plebe_III.txt;0.13735465299760108
Cifra;rsa;entradas/4-la_plebe_III.txt;0.1359406650008168
Cifra;rsa;entradas/4-la_plebe_III.txt;0.13567133499964257
Cifra;rsa;entradas/4-la_plebe_III.txt;0.13503700599903823
Cifra;rsa;entradas/4-la_plebe_III.txt;0.13615308299995377
Cifra;rsa;entradas/4-la_plebe_III.txt;0.1348289300003671
Cifra;rsa;entradas/4-la_plebe_III.txt;0.13492738299828488
Cifra;rsa;entradas/4-la_plebe_III.txt;0.13588063899806002
Cifra;rsa;entradas/4-la_plebe_III.txt;0.13473030300156097
Cifra;rsa;entradas/4-la_plebe_III.txt;0.13608669400127837
Cifra;rsa;entradas/4-la_plebe_III.txt;0.13507532799849287
Cifra;rsa;entradas/4-la_plebe_III.txt;0.13606050200178288
Cifra;rsa;entradas/4-la_plebe_III.txt;0.13572662600199692
Cifra;rsa;entradas/4-la_plebe_III.txt;0.1352161069989961
Cifra;rsa;entradas/4-la_plebe_III.txt;0.1355625260002853
Cifra;rsa;entradas/4-la_plebe_III.txt;0.13558044399906066
Cifra;rsa;entradas/4-la_plebe_III.txt;0.13597954899887554
Cifra;rsa;entradas/4-la_plebe_III.txt;0.13571839300129795
Cifra;rsa;entradas/4-la_plebe_III.txt;0.13507747200128506
Cifra;rsa;entradas/4-la_plebe_III.txt;0.1357445870016818
Cifra;rsa;entradas/4-la_plebe_III.txt;0.13560196799880941
Cifra;rsa;entradas/4-la_plebe_III.txt;0.13522425900009694
Cifra;rsa;entradas/4-la_plebe_III.txt;0.1364622490000329
Cifra;aes;entradas/1-musa_consolatrix.txt;1.8497001292416826e-05
Cifra;aes;entradas/1-musa_consolatrix.txt;1.8787999579217285e-05
Cifra;aes;entradas/1-musa_consolatrix.txt;1.8557999283075333e-05
Cifra;aes;entradas/1-musa_consolatrix.txt;1.8112001271219924e-05
Cifra;aes;entradas/1-musa_consolatrix.txt;1.7001999367494136e-05
Cifra;aes;entradas/1-musa_consolatrix.txt;1.6515001334482804e-05
Cifra;aes;entradas/1-musa_consolatrix.txt;1.6342997696483508e-05
Cifra;aes;entradas/1-musa_consolatrix.txt;1.9096998585155234e-05
Cifra;aes;entradas/1-musa_consolatrix.txt;1.843199788709171e-05
Cifra;aes;entradas/1-musa_consolatrix.txt;1.688499833107926e-05
Cifra;aes;entradas/1-musa_consolatrix.txt;1.8282000382896513e-05
Cifra;aes;entradas/1-musa_consolatrix.txt;1.8458002159604803e-05
Cifra;aes;entradas/1-musa_consolatrix.txt;1.881299976957962e-05
Cifra;aes;entradas/1-musa_consolatrix.txt;1.8179998733103275e-05
Cifra;aes;entradas/1-musa_consolatrix.txt;1.93940031749662e-05
Cifra;aes;entradas/1-musa_consolatrix.txt;1.8324000848224387e-05
Cifra;aes;entradas/1-musa_consolatrix.txt;1.770400194800459e-05
Cifra;aes;entradas/1-musa_consolatrix.txt;1.865599915618077e-05
Cifra;aes;entradas/1-musa_consolatrix.txt;1.9590999727370217e-05
Cifra;aes;entradas/1-musa_consolatrix.txt;1.8143000488635153e-05
Cifra;aes;entradas/1-musa_consolatrix.txt;1.850600165198557e-05
Cifra;aes;entradas/1-musa_consolatrix.txt;1.83830015885178e-05
Cifra;aes;entradas/1-musa_consolatrix.txt;1.7313999705947936e-05
Cifra;aes;entradas/1-musa_consolatrix.txt;1.8481001461623237e-05
Cifra;aes;entradas/1-musa_consolatrix.txt;1.817299926187843e-05
Cifra;aes;entradas/1-musa_consolatrix.txt;1.8325001292396337e-05
Cifra;aes;entradas/1-musa_consolatrix.txt;1.9343999156262726e-05
Cifra;aes;entradas/1-musa_consolatrix.txt;1.9186998542863876e-05
Cifra;aes;entradas/1-musa_consolatrix.txt;1.8320999515708536e-05
Cifra;aes;entradas/1-musa_consolatrix.txt;1.909200000227429e-05
Cifra;aes;entradas/1-musa_consolatrix.txt;1.763900218065828e-05
Cifra;aes;entradas/2-braz_cubas_I.txt;1.8251997971674427e-05
Cifra;aes;entradas/2-braz_cubas_I.txt;2.0329000108176842e-05
Cifra;aes;entradas/2-braz_cubas_I.txt;1.9536000763764605e-05
Cifra;aes;entradas/2-braz_cubas_I.txt;1.7664999177213758e-05
Cifra;aes;entradas/2-braz_cubas_I.txt;1.874399822554551e-05
Cifra;aes;entradas/2-braz_cubas_I.txt;1.9349001377122477e-05
Cifra;aes;entradas/2-braz_cubas_I.txt;1.933900057338178e-05
Cifra;aes;entradas/2-braz_cubas_I.txt;1.8994000129168853e-05
Cifra;aes;entradas/2-braz_cubas_I.txt;2.565300019341521e-05
Cifra;aes;entradas/2-braz_cubas_I.txt;1.893199805635959e-05
Cifra;aes;entradas/2-braz_cubas_I.txt;1.7506001313449815e-05
Cifra;aes;entradas/2-braz_cubas_I.txt;2.0109000615775585e-05
Cifra;aes;entradas/2-braz_cubas_I.txt;1.935399996000342e-05
Cifra;aes;entradas/2-braz_cubas_I.txt;1.9172999600414187e-05
Cifra;aes;entradas/2-braz_cubas_I.txt;1.7977999959839508e-05
Cifra;aes;entradas/2-braz_cubas_I.txt;1.8274000467499718e-05
Cifra;aes;entradas/2-braz_cubas_I.txt;1.920999784488231e-05
Cifra;aes;entradas/2-braz_cubas_I.txt;1.9711002096300945e-05
Cifra;aes;entradas/2-braz_cubas_I.txt;1.9826999050565064e-05
Cifra;aes;entradas/2-braz_cubas_I.txt;1.9164999685017392e-05
Cifra;aes;entradas/2-braz_cubas_I.txt;1.9207000150345266e-05
Cifra;aes;entradas/2-braz_cubas_I.txt;1.905899989651516e-05
Cifra;aes;entradas/2-braz_cubas_I.txt;1.910799983306788e-05
Cifra;aes;entradas/2-braz_cubas_I.txt;1.9816001440631226e-05
Cifra;aes;entradas/2-braz_cubas_I.txt;1.899100243463181e-05
Cifra;aes;entradas/2-braz_cubas_I.txt;1.956100095412694e-05
Cifra;aes;entradas/2-braz_cubas_I.txt;1.8883001757785678e-05
Cifra;aes;entradas/2-braz_cubas_I.txt;1.9566999981179833e-05
Cifra;aes;entradas/2-braz_cubas_I.txt;1.9188002625014633e-05
Cifra;aes;entradas/2-braz_cubas_I.txt;1.994500053115189e-05
Cifra;aes;entradas/2-braz_cubas_I.txt;1.9095998140983284e-05
Cifra;aes;entradas/3-dom_casmurro.txt;0.0001855449991126079
Cifra;aes;entradas/3-dom_casmurro.txt;0.00018109599841409363
Cifra;aes;entradas/3-dom_casmurro.txt;0.00017244500122615136
Cifra;aes;entradas/3-dom_casmurro.txt;0.00017669799854047596
Cifra;aes;entradas/3-dom_casmurro.txt;0.0001774849988578353
Cifra;aes;entradas/3-dom_casmurro.txt;0.00017122899953392334
Cifra;aes;entradas/3-dom_casmurro.txt;0.00017983200086746365
Cifra;aes;entradas/3-dom_casmurro.txt;0.00017258799925912172
Cifra;aes;entradas/3-dom_casmurro.txt;0.00017147600010503083
Cifra;aes;entradas/3-dom_casmurro.txt;0.00017150100029539317
Cifra;aes;entradas/3-dom_casmurro.txt;0.00017034100164892152
Cifra;aes;entradas/3-dom_casmurro.txt;0.00017227799980901182
Cifra;aes;entradas/3-dom_casmurro.txt;0.00017755900262272917
Cifra;aes;entradas/3-dom_casmurro.txt;0.0001722470005915966
Cifra;aes;entradas/3-dom_casmurro.txt;0.00017227300122613087
Cifra;aes;entradas/3-dom_casmurro.txt;0.00017003399989334866
Cifra;aes;entradas/3-dom_casmurro.txt;0.00016624899944872595
Cifra;aes;entradas/3-dom_casmurro.txt;0.00017027300054905936
Cifra;aes;entradas/3-dom_casmurro.txt;0.00017475899949204177
Cifra;aes;entradas/3-dom_casmurro.txt;0.00017196100088767707
Cifra;aes;entradas/3-dom_casmurro.txt;0.00017034799748216756
Cifra;aes;entradas/3-dom_casmurro.txt;0.00017249600205104798
Cifra;aes;entradas/3-dom_casmurro.txt;0.00017701400065561756
Cifra;aes;entradas/3-dom_casmurro.txt;0.00017173800006275997
Cifra;aes;entradas/3-dom_casmurro.txt;0.0001709989992377814
Cifra;aes;entradas/3-dom_casmurro.txt;0.0001722839988360647
Cifra;aes;entradas/3-dom_casmurro.txt;0.00017803299851948395
Cifra;aes;entradas/3-dom_casmurro.txt;0.00016762499944888987
Cifra;aes;entradas/3-dom_casmurro.txt;0.0001672040016273968
Cifra;aes;entradas/3-dom_casmurro.txt;0.0001699820022622589
Cifra;aes;entradas/3-dom_casmurro.txt;0.00017000600200844929
Cifra;aes;entradas/4-la_plebe_III.txt;0.00042296099854866043
Cifra;aes;entradas/4-la_plebe_III.txt;0.00048602099923300557
Cifra;aes;entradas/4-la_plebe_III.txt;0.00042422800106578507
Cifra;aes;entradas/4-la_plebe_III.txt;0.00046582600043620914
Cifra;aes;entradas/4-la_plebe_III.txt;0.00047415600056410767
Cifra;aes;entradas/4-la_plebe_III.txt;0.0004309979995014146
Cifra;aes;entradas/4-la_plebe_III.txt;0.0004323049979575444
Cifra;aes;entradas/4-la_plebe_III.txt;0.0004254060004313942
Cifra;aes;entradas/4-la_plebe_III.txt;0.0004294719983590767
Cifra;aes;entradas/4-la_plebe_III.txt;0.00042650899922591634
Cifra;aes;entradas/4-la_plebe_III.txt;0.00042534800013527274
Cifra;aes;entradas/4-la_plebe_III.txt;0.0004297380000934936
Cifra;aes;entradas/4-la_plebe_III.txt;0.00043464999907882884
Cifra;aes;entradas/4-la_plebe_III.txt;0.00043385000026319176
Cifra;aes;entradas/4-la_plebe_III.txt;0.00042480699994484894
Cifra;aes;entradas/4-la_plebe_III.txt;0.0004258519984432496
Cifra;aes;entradas/4-la_plebe_III.txt;0.00042605100315995514
Cifra;aes;entradas/4-la_plebe_III.txt;0.00043347300015739165
Cifra;aes;entradas/4-la_plebe_III.txt;0.00042570700315991417
Cifra;aes;entradas/4-la_plebe_III.txt;0.00042594799742801115
Cifra;aes;entradas/4-la_plebe_III.txt;0.0004247190008754842
Cifra;aes;entradas/4-la_plebe_III.txt;0.0004344219996710308
Cifra;aes;entradas/4-la_plebe_III.txt;0.00042557100096018985
Cifra;aes;entradas/4-la_plebe_III.txt;0.00044022799920639955
Cifra;aes;entradas/4-la_plebe_III.txt;0.0004258879998815246
Cifra;aes;entradas/4-la_plebe_III.txt;0.0004296510014683008
Cifra;aes;entradas/4-la_plebe_III.txt;0.0004392650007503107
Cifra;aes;entradas/4-la_plebe_III.txt;0.00043404199823271483
Cifra;aes;entradas/4-la_plebe_III.txt;0.00046881699745426886
Cifra;aes;entradas/4-la_plebe_III.txt;0.00047167199954856187
Cifra;aes;entradas/4-la_plebe_III.txt;0.00044019000051775947
Cifra;proposed;entradas/1-musa_consolatrix.txt;0.00012115100253140554
Cifra;proposed;entradas/1-musa_consolatrix.txt;0.00012191300265840255
Cifra;proposed;entradas/1-musa_consolatrix.txt;0.00012611700003617443
Cifra;proposed;entradas/1-musa_consolatrix.txt;0.00012179999976069666
Cifra;proposed;entradas/1-musa_consolatrix.txt;0.00012054100079694763
Cifra;proposed;entradas/1-musa_consolatrix.txt;0.00012226800026837736
Cifra;proposed;entradas/1-musa_consolatrix.txt;0.00012276600318728015
Cifra;proposed;entradas/1-musa_consolatrix.txt;0.00012884499665233307
Cifra;proposed;entradas/1-musa_consolatrix.txt;0.00012736200005747378
Cifra;proposed;entradas/1-musa_consolatrix.txt;0.0001230100024258718
Cifra;proposed;entradas/1-musa_consolatrix.txt;0.00012184499792056158
Cifra;proposed;entradas/1-musa_consolatrix.txt;0.00011952799832215533
Cifra;proposed;entradas/1-musa_consolatrix.txt;0.00012307199722272344
Cifra;proposed;entradas/1-musa_consolatrix.txt;0.00012123600026825443
Cifra;proposed;entradas/1-musa_consolatrix.txt;0.00012296000204514712
Cifra;proposed;entradas/1-musa_consolatrix.txt;0.00012180900012026541
Cifra;proposed;entradas/1-musa_consolatrix.txt;0.00012249100109329447
Cifra;proposed;entradas/1-musa_consolatrix.txt;0.00012194600276416168
Cifra;proposed;entradas/1-musa_consolatrix.txt;0.00012280499868211336
Cifra;proposed;entradas/1-musa_consolatrix.txt;0.00012100900130462833
Cifra;proposed;entradas/1-musa_consolatrix.txt;0.00012679200153797865
Cifra;proposed;entradas/1-musa_consolatrix.txt;0.00012086999777238816
Cifra;proposed;entradas/1-musa_consolatrix.txt;0.0001211929993587546
Cifra;proposed;entradas/1-musa_consolatrix.txt;0.0001232899994647596
Cifra;proposed;entradas/1-musa_consolatrix.txt;0.00012412199794198386
Cifra;proposed;entradas/1-musa_consolatrix.txt;0.00012304500341997482
Cifra;proposed;entradas/1-musa_consolatrix.txt;0.00012308899749768898
Cifra;proposed;entradas/1-musa_consolatrix.txt;0.00013297400073497556
Cifra;proposed;entradas/1-musa_consolatrix.txt;0.00012180699923192151
Cifra;proposed;entradas/1-musa_consolatrix.txt;0.00011874100164277479
Cifra;proposed;entradas/1-musa_consolatrix.txt;0.00012396199963404797
Cifra;proposed;entradas/2-braz_cubas_I.txt;0.00047614900176995434
Cifra;proposed;entradas/2-braz_cubas_I.txt;0.0004718689997389447
Cifra;proposed;entradas/2-braz_cubas_I.txt;0.00046789699990767986
Cifra;proposed;entradas/2-braz_cubas_I.txt;0.00048354500177083537
Cifra;proposed;entradas/2-braz_cubas_I.txt;0.0004723730016849004
Cifra;proposed;entradas/2-braz_cubas_I.txt;0.0004729569991468452
Cifra;proposed;entradas/2-braz_cubas_I.txt;0.0004769380029756576
Cifra;proposed;entradas/2-braz_cubas_I.txt;0.00047537099817418493
Cifra;proposed;entradas/2-braz_cubas_I.txt;0.00047982899923226796
Cifra;proposed;entradas/2-braz_cubas_I.txt;0.00047129499944276176
Cifra;proposed;entradas/2-braz_cubas_I.txt;0.00048652300029061735
Cifra;proposed;entradas/2-braz_cubas_I.txt;0.0004872760000580456
Cifra;proposed;entradas/2-braz_cubas_I.txt;0.00047871800052234903
Cifra;proposed;entradas/2-braz_cubas_I.txt;0.00047096200069063343
Cifra;proposed;entradas/2-braz_cubas_I.txt;0.0004702099977293983
Cifra;proposed;entradas/2-braz_cubas_I.txt;0.0004890220006927848
Cifra;proposed;entradas/2-braz_cubas_I.txt;0.0004954260002705269
Cifra;proposed;entradas/2-braz_cubas_I.txt;0.00047892500151647255
Cifra;proposed;entradas/2-braz_cubas_I.txt;0.0005524710031750146
Cifra;proposed;entradas/2-braz_cubas_I.txt;0.00048681900079827756
Cifra;proposed;entradas/2-braz_cubas_I.txt;0.0004763289980473928
Cifra;proposed;entradas/2-braz_cubas_I.txt;0.00047263400119845755
Cifra;proposed;entradas/2-braz_cubas_I.txt;0.00047071299923118204
Cifra;proposed;entradas/2-braz_cubas_I.txt;0.00048543499724473804
Cifra;proposed;entradas/2-braz_cubas_I.txt;0.00048715299999457784
Cifra;proposed;entradas/2-braz_cubas_I.txt;0.000481352999486262
Cifra;proposed;entradas/2-braz_cubas_I.txt;0.0004822269984288141
Cifra;proposed;entradas/2-braz_cubas_I.txt;0.00048347800111514516
Cifra;proposed;entradas/2-braz_cubas_I.txt;0.0004724419995909557
Cifra;proposed;entradas/2-braz_cubas_I.txt;0.0004912510012218263
Cifra;proposed;entradas/2-braz_cubas_I.txt;0.0004726469996967353
Cifra;proposed;entradas/3-dom_casmurro.txt;0.04959759700068389
Cifra;proposed;entradas/3-dom_casmurro.txt;0.04919477000294137
Cifra;proposed;entradas/3-dom_casmurro.txt;0.049337272001139354
Cifra;proposed;entradas/3-dom_casmurro.txt;0.049470869002107065
Cifra;proposed;entradas/3-dom_casmurro.txt;0.04945609999776934
Cifra;proposed;entradas/3-dom_casmurro.txt;0.04994583400184638
Cifra;proposed;entradas/3-dom_casmurro.txt;0.05182737200084375
Cifra;proposed;entradas/3-dom_casmurro.txt;0.04932284800088382
Cifra;proposed;entradas/3-dom_casmurro.txt;0.04922305899890489
Cifra;proposed;entradas/3-dom_casmurro.txt;0.04910353000013856
Cifra;proposed;entradas/3-dom_casmurro.txt;0.04906599199966877
Cifra;proposed;entradas/3-dom_casmurro.txt;0.05008701300175744
Cifra;proposed;entradas/3-dom_casmurro.txt;0.04956805300025735
Cifra;proposed;entradas/3-dom_casmurro.txt;0.049084938000305556
Cifra;proposed;entradas/3-dom_casmurro.txt;0.049172962997545255
Cifra;proposed;entradas/3-dom_casmurro.txt;0.04921058699983405
Cifra;proposed;entradas/3-dom_casmurro.txt;0.04966694800168625
Cifra;proposed;entradas/3-dom_casmurro.txt;0.04924980099895038
Cifra;proposed;entradas/3-dom_casmurro.txt;0.04993241400006809
Cifra;proposed;entradas/3-dom_casmurro.txt;0.04972300100052962
Cifra;proposed;entradas/3-dom_casmurro.txt;0.04975660499985679
Cifra;proposed;entradas/3-dom_casmurro.txt;0.04952271200090763
Cifra;proposed;entradas/3-dom_casmurro.txt;0.05041234899908886
Cifra;proposed;entradas/3-dom_casmurro.txt;0.049216855000850046
Cifra;proposed;entradas/3-dom_casmurro.txt;0.04945265300193569
Cifra;proposed;entradas/3-dom_casmurro.txt;0.05225694999899133
Cifra;proposed;entradas/3-dom_casmurro.txt;0.04948175100071239
Cifra;proposed;entradas/3-dom_casmurro.txt;0.049548207000043476
Cifra;proposed;entradas/3-dom_casmurro.txt;0.04972750600063591
Cifra;proposed;entradas/3-dom_casmurro.txt;0.048968594001053134
Cifra;proposed;entradas/3-dom_casmurro.txt;0.048892115002672654
Cifra;proposed;entradas/4-la_plebe_III.txt;0.14251258299918845
Cifra;proposed;entradas/4-la_plebe_III.txt;0.14583132700136048
Cifra;proposed;entradas/4-la_plebe_III.txt;0.14761916999850655
Cifra;proposed;entradas/4-la_plebe_III.txt;0.1430302419976215
Cifra;proposed;entradas/4-la_plebe_III.txt;0.1420672950007429
Cifra;proposed;entradas/4-la_plebe_III.txt;0.14253925299999537
Cifra;proposed;entradas/4-la_plebe_III.txt;0.1440834429995448
Cifra;proposed;entradas/4-la_plebe_III.txt;0.143725155001448
Cifra;proposed;entradas/4-la_plebe_III.txt;0.1414447380011552
Cifra;proposed;entradas/4-la_plebe_III.txt;0.1424085790022218
Cifra;proposed;entradas/4-la_plebe_III.txt;0.14161128500199993
Cifra;proposed;entradas/4-la_plebe_III.txt;0.1420673339998757
Cifra;proposed;entradas/4-la_plebe_III.txt;0.14362499000344542
Cifra;proposed;entradas/4-la_plebe_III.txt;0.14132533500014688
Cifra;proposed;entradas/4-la_plebe_III.txt;0.1424694079978508
Cifra;proposed;entradas/4-la_plebe_III.txt;0.14177599899994675
Cifra;proposed;entradas/4-la_plebe_III.txt;0.14500386999861803
Cifra;proposed;entradas/4-la_plebe_III.txt;0.14311063700006343
Cifra;proposed;entradas/4-la_plebe_III.txt;0.14326059100130806
Cifra;proposed;entradas/4-la_plebe_III.txt;0.14255962799870758
Cifra;proposed;entradas/4-la_plebe_III.txt;0.1434599040003377
Cifra;proposed;entradas/4-la_plebe_III.txt;0.1417623490015103
Cifra;proposed;entradas/4-la_plebe_III.txt;0.14414710399796604
Cifra;proposed;entradas/4-la_plebe_III.txt;0.14289895100228023
Cifra;proposed;entradas/4-la_plebe_III.txt;0.14346142200156464
Cifra;proposed;entradas/4-la_plebe_III.txt;0.14176837999912095
Cifra;proposed;entradas/4-la_plebe_III.txt;0.1428376740004751
Cifra;proposed;entradas/4-la_plebe_III.txt;0.14158940199922654
Cifra;proposed;entradas/4-la_plebe_III.txt;0.14143582000178867
Cifra;proposed;entradas/4-la_plebe_III.txt;0.14162699100052123
Cifra;proposed;entradas/4-la_plebe_III.txt;0.14323453299948596
Decifra;rsa;cifras/rsa-1-musa_consolatrix.txt-1.txt;0.001855850001447834
Decifra;rsa;cifras/rsa-1-musa_consolatrix.txt-2.txt;0.0018837400020856876
Decifra;rsa;cifras/rsa-1-musa_consolatrix.txt-3.txt;0.0018369719982729293
Decifra;rsa;cifras/rsa-1-musa_consolatrix.txt-4.txt;0.0018470930008334108
Decifra;rsa;cifras/rsa-1-musa_consolatrix.txt-5.txt;0.001842394001869252
Decifra;rsa;cifras/rsa-1-musa_consolatrix.txt-6.txt;0.0018374480023339856
Decifra;rsa;cifras/rsa-1-musa_consolatrix.txt-7.txt;0.0018395220031379722
Decifra;rsa;cifras/rsa-1-musa_consolatrix.txt-8.txt;0.0018426140013616532
Decifra;rsa;cifras/rsa-1-musa_consolatrix.txt-9.txt;0.0020080780013813637
Decifra;rsa;cifras/rsa-1-musa_consolatrix.txt-10.txt;0.00185440700079198
Decifra;rsa;cifras/rsa-1-musa_consolatrix.txt-11.txt;0.0018414769983792212
Decifra;rsa;cifras/rsa-1-musa_consolatrix.txt-12.txt;0.0018456749967299402
Decifra;rsa;cifras/rsa-1-musa_consolatrix.txt-13.txt;0.0018439420018694364
Decifra;rsa;cifras/rsa-1-musa_consolatrix.txt-14.txt;0.001851620003435528
Decifra;rsa;cifras/rsa-1-musa_consolatrix.txt-15.txt;0.001838119002059102
Decifra;rsa;cifras/rsa-1-musa_consolatrix.txt-16.txt;0.001891429001261713
Decifra;rsa;cifras/rsa-1-musa_consolatrix.txt-17.txt;0.0018524490005802363
Decifra;rsa;cifras/rsa-1-musa_consolatrix.txt-18.txt;0.0018421159984427504
Decifra;rsa;cifras/rsa-1-musa_consolatrix.txt-19.txt;0.0018901030016422737
Decifra;rsa;cifras/rsa-1-musa_consolatrix.txt-20.txt;0.0018429070005367976
Decifra;rsa;cifras/rsa-1-musa_consolatrix.txt-21.txt;0.0018388330026937183
Decifra;rsa;cifras/rsa-1-musa_consolatrix.txt-22.txt;0.0018337830006203149
Decifra;rsa;cifras/rsa-1-musa_consolatrix.txt-23.txt;0.0019195000022591557
Decifra;rsa;cifras/rsa-1-musa_consolatrix.txt-24.txt;0.0018580180003482383
Decifra;rsa;cifras/rsa-1-musa_consolatrix.txt-25.txt;0.0018457810001564212
Decifra;rsa;cifras/rsa-1-musa_consolatrix.txt-26.txt;0.001849265998316696
Decifra;rsa;cifras/rsa-1-musa_consolatrix.txt-27.txt;0.001827678999688942
Decifra;rsa;cifras/rsa-1-musa_consolatrix.txt-28.txt;0.001846781000494957
Decifra;rsa;cifras/rsa-1-musa_consolatrix.txt-29.txt;0.0018684579990804195
Decifra;rsa;cifras/rsa-1-musa_consolatrix.txt-30.txt;0.0018318839975108858
Decifra;rsa;cifras/rsa-1-musa_consolatrix.txt-31.txt;0.0018315999986953102
Decifra;rsa;cifras/rsa-2-braz_cubas_I.txt-1.txt;0.0059787819991470315
Decifra;rsa;cifras/rsa-2-braz_cubas_I.txt-2.txt;0.005888080999284284
Decifra;rsa;cifras/rsa-2-braz_cubas_I.txt-3.txt;0.005887277999136131
Decifra;rsa;cifras/rsa-2-braz_cubas_I.txt-4.txt;0.005911165000725305
Decifra;rsa;cifras/rsa-2-braz_cubas_I.txt-5.txt;0.005907020000449847
Decifra;rsa;cifras/rsa-2-braz_cubas_I.txt-6.txt;0.005970869999146089
Decifra;rsa;cifras/rsa-2-braz_cubas_I.txt-7.txt;0.005894456000532955
Decifra;rsa;cifras/rsa-2-braz_cubas_I.txt-8.txt;0.005895444999623578
Decifra;rsa;cifras/rsa-2-braz_cubas_I.txt-9.txt;0.005887324001378147
Decifra;rsa;cifras/rsa-2-braz_cubas_I.txt-10.txt;0.00588092199905077
Decifra;rsa;cifras/rsa-2-braz_cubas_I.txt-11.txt;0.005879249998542946
Decifra;rsa;cifras/rsa-2-braz_cubas_I.txt-12.txt;0.005893246998311952
Decifra;rsa;cifras/rsa-2-braz_cubas_I.txt-13.txt;0.00592012299966882
Decifra;rsa;cifras/rsa-2-braz_cubas_I.txt-14.txt;0.0059031689997937065
Decifra;rsa;cifras/rsa-2-braz_cubas_I.txt-15.txt;0.005890341999474913
Decifra;rsa;cifras/rsa-2-braz_cubas_I.txt-16.txt;0.005881532997591421
Decifra;rsa;cifras/rsa-2-braz_cubas_I.txt-17.txt;0.005902304001210723
Decifra;rsa;cifras/rsa-2-braz_cubas_I.txt-18.txt;0.005884169000637485
Decifra;rsa;cifras/rsa-2-braz_cubas_I.txt-19.txt;0.005901933000131976
Decifra;rsa;cifras/rsa-2-braz_cubas_I.txt-20.txt;0.006081914998503635
Decifra;rsa;cifras/rsa-2-braz_cubas_I.txt-21.txt;0.005895371999940835
Decifra;rsa;cifras/rsa-2-braz_cubas_I.txt-22.txt;0.005897835999348899
Decifra;rsa;cifras/rsa-2-braz_cubas_I.txt-23.txt;0.005888977000722662
Decifra;rsa;cifras/rsa-2-braz_cubas_I.txt-24.txt;0.005935412002145313
Decifra;rsa;cifras/rsa-2-braz_cubas_I.txt-25.txt;0.005907759998081019
Decifra;rsa;cifras/rsa-2-braz_cubas_I.txt-26.txt;0.005897883002035087
Decifra;rsa;cifras/rsa-2-braz_cubas_I.txt-27.txt;0.005908347997319652
Decifra;rsa;cifras/rsa-2-braz_cubas_I.txt-28.txt;0.005908915998588782
Decifra;rsa;cifras/rsa-2-braz_cubas_I.txt-29.txt;0.005886855997232487
Decifra;rsa;cifras/rsa-2-braz_cubas_I.txt-30.txt;0.005883329999051057
Decifra;rsa;cifras/rsa-2-braz_cubas_I.txt-31.txt;0.005910650997975608
Decifra;rsa;cifras/rsa-3-dom_casmurro.txt-1.txt;0.5655014320000191
Decifra;rsa;cifras/rsa-3-dom_casmurro.txt-2.txt;0.5645142949979345
Decifra;rsa;cifras/rsa-3-dom_casmurro.txt-3.txt;0.5649491219992342
Decifra;rsa;cifras/rsa-3-dom_casmurro.txt-4.txt;0.5942371550008829
Decifra;rsa;cifras/rsa-3-dom_casmurro.txt-5.txt;0.5646564889975707
Decifra;rsa;cifras/rsa-3-dom_casmurro.txt-6.txt;0.5647232139999687
Decifra;rsa;cifras/rsa-3-dom_casmurro.txt-7.txt;0.565159809000761
Decifra;rsa;cifras/rsa-3-dom_casmurro.txt-8.txt;0.5662943809984426
Decifra;rsa;cifras/rsa-3-dom_casmurro.txt-9.txt;0.5918933780012594
Decifra;rsa;cifras/rsa-3-dom_casmurro.txt-10.txt;0.6028950380023161
Decifra;rsa;cifras/rsa-3-dom_casmurro.txt-11.txt;0.5647710119992553
Decifra;rsa;cifras/rsa-3-dom_casmurro.txt-12.txt;0.5918478179992235
Decifra;rsa;cifras/rsa-3-dom_casmurro.txt-13.txt;0.5655359179982042
Decifra;rsa;cifras/rsa-3-dom_casmurro.txt-14.txt;0.5640506290001213
Decifra;rsa;cifras/rsa-3-dom_casmurro.txt-15.txt;0.5647927509999136
Decifra;rsa;cifras/rsa-3-dom_casmurro.txt-16.txt;0.5660913700012316
Decifra;rsa;cifras/rsa-3-dom_casmurro.txt-17.txt;0.5647085739983595
Decifra;rsa;cifras/rsa-3-dom_casmurro.txt-18.txt;0.5650489849977021
Decifra;rsa;cifras/rsa-3-dom_casmurro.txt-19.txt;0.565402782001911
Decifra;rsa;cifras/rsa-3-dom_casmurro.txt-20.txt;0.5652874109982804
Decifra;rsa;cifras/rsa-3-dom_casmurro.txt-21.txt;0.5656479700010095
Decifra;rsa;cifras/rsa-3-dom_casmurro.txt-22.txt;0.5648799959999451
Decifra;rsa;cifras/rsa-3-dom_casmurro.txt-23.txt;0.5922708450016216
Decifra;rsa;cifras/rsa-3-dom_casmurro.txt-24.txt;0.596364167999127
Decifra;rsa;cifras/rsa-3-dom_casmurro.txt-25.txt;0.564675776000513
Decifra;rsa;cifras/rsa-3-dom_casmurro.txt-26.txt;0.5656278839996958
Decifra;rsa;cifras/rsa-3-dom_casmurro.txt-27.txt;0.5657331779984816
Decifra;rsa;cifras/rsa-3-dom_casmurro.txt-28.txt;0.5643484360007278
Decifra;rsa;cifras/rsa-3-dom_casmurro.txt-29.txt;0.565086546997918
Decifra;rsa;cifras/rsa-3-dom_casmurro.txt-30.txt;0.5906146529996477
Decifra;rsa;cifras/rsa-3-dom_casmurro.txt-31.txt;0.596737989999383
Decifra;rsa;cifras/rsa-4-la_plebe_III.txt-1.txt;1.540861789999326
Decifra;rsa;cifras/rsa-4-la_plebe_III.txt-2.txt;1.5393884830009483
Decifra;rsa;cifras/rsa-4-la_plebe_III.txt-3.txt;1.5400102569983574
Decifra;rsa;cifras/rsa-4-la_plebe_III.txt-4.txt;1.5396085339998535
Decifra;rsa;cifras/rsa-4-la_plebe_III.txt-5.txt;1.5413930950016947
Decifra;rsa;cifras/rsa-4-la_plebe_III.txt-6.txt;1.5377899310005887
Decifra;rsa;cifras/rsa-4-la_plebe_III.txt-7.txt;1.537957851000101
Decifra;rsa;cifras/rsa-4-la_plebe_III.txt-8.txt;1.538762571002735
Decifra;rsa;cifras/rsa-4-la_plebe_III.txt-9.txt;1.539156021000963
Decifra;rsa;cifras/rsa-4-la_plebe_III.txt-10.txt;1.5381893979974848
Decifra;rsa;cifras/rsa-4-la_plebe_III.txt-11.txt;1.5385538029986492
Decifra;rsa;cifras/rsa-4-la_plebe_III.txt-12.txt;1.539630737999687
Decifra;rsa;cifras/rsa-4-la_plebe_III.txt-13.txt;1.539615865000087
Decifra;rsa;cifras/rsa-4-la_plebe_III.txt-14.txt;1.5418204239977058
Decifra;rsa;cifras/rsa-4-la_plebe_III.txt-15.txt;1.5387864549993537
Decifra;rsa;cifras/rsa-4-la_plebe_III.txt-16.txt;1.5385831610001333
Decifra;rsa;cifras/rsa-4-la_plebe_III.txt-17.txt;1.626594393997948
Decifra;rsa;cifras/rsa-4-la_plebe_III.txt-18.txt;1.5416038350012968
Decifra;rsa;cifras/rsa-4-la_plebe_III.txt-19.txt;1.5387173680028354
Decifra;rsa;cifras/rsa-4-la_plebe_III.txt-20.txt;1.5397331849999318
Decifra;rsa;cifras/rsa-4-la_plebe_III.txt-21.txt;1.540807779001625
Decifra;rsa;cifras/rsa-4-la_plebe_III.txt-22.txt;1.5390309670001443
Decifra;rsa;cifras/rsa-4-la_plebe_III.txt-23.txt;1.6282680709991837
Decifra;rsa;cifras/rsa-4-la_plebe_III.txt-24.txt;1.6338204559979204
Decifra;rsa;cifras/rsa-4-la_plebe_III.txt-25.txt;1.6399138759989
Decifra;rsa;cifras/rsa-4-la_plebe_III.txt-26.txt;1.5377319580002222
Decifra;rsa;cifras/rsa-4-la_plebe_III.txt-27.txt;1.5431250239998917
Decifra;rsa;cifras/rsa-4-la_plebe_III.txt-28.txt;1.5379402880025737
Decifra;rsa;cifras/rsa-4-la_plebe_III.txt-29.txt;1.5387770519992046
Decifra;rsa;cifras/rsa-4-la_plebe_III.txt-30.txt;1.5384688890007965
Decifra;rsa;cifras/rsa-4-la_plebe_III.txt-31.txt;1.5386440880029113
Decifra;aes;cifras/aes-1-musa_consolatrix.txt-1.txt;1.7422000382794067e-05
Decifra;aes;cifras/aes-1-musa_consolatrix.txt-2.txt;1.850900298450142e-05
Decifra;aes;cifras/aes-1-musa_consolatrix.txt-3.txt;2.564100213930942e-05
Decifra;aes;cifras/aes-1-musa_consolatrix.txt-4.txt;1.76860012288671e-05
Decifra;aes;cifras/aes-1-musa_consolatrix.txt-5.txt;1.77570000232663e-05
Decifra;aes;cifras/aes-1-musa_consolatrix.txt-6.txt;1.7521000700071454e-05
Decifra;aes;cifras/aes-1-musa_consolatrix.txt-7.txt;1.8753002223093063e-05
Decifra;aes;cifras/aes-1-musa_consolatrix.txt-8.txt;1.8570000975159928e-05
Decifra;aes;cifras/aes-1-musa_consolatrix.txt-9.txt;1.8318998627364635e-05
Decifra;aes;cifras/aes-1-musa_consolatrix.txt-10.txt;1.9711002096300945e-05
Decifra;aes;cifras/aes-1-musa_consolatrix.txt-11.txt;1.8319999071536586e-05
Decifra;aes;cifras/aes-1-musa_consolatrix.txt-12.txt;1.7977999959839508e-05
Decifra;aes;cifras/aes-1-musa_consolatrix.txt-13.txt;1.7487000150140375e-05
Decifra;aes;cifras/aes-1-musa_consolatrix.txt-14.txt;1.905299723148346e-05
Decifra;aes;cifras/aes-1-musa_consolatrix.txt-15.txt;1.8037997506326064e-05
Decifra;aes;cifras/aes-1-musa_consolatrix.txt-16.txt;1.907700061565265e-05
Decifra;aes;cifras/aes-1-musa_consolatrix.txt-17.txt;1.7989998013945296e-05
Decifra;aes;cifras/aes-1-musa_consolatrix.txt-18.txt;1.6652000340400264e-05
Decifra;aes;cifras/aes-1-musa_consolatrix.txt-19.txt;1.8576000002212822e-05
Decifra;aes;cifras/aes-1-musa_consolatrix.txt-20.txt;1.798100129235536e-05
Decifra;aes;cifras/aes-1-musa_consolatrix.txt-21.txt;1.835999864852056e-05
Decifra;aes;cifras/aes-1-musa_consolatrix.txt-22.txt;1.85430035344325e-05
Decifra;aes;cifras/aes-1-musa_consolatrix.txt-23.txt;1.857199822552502e-05
Decifra;aes;cifras/aes-1-musa_consolatrix.txt-24.txt;1.8286998965777457e-05
Decifra;aes;cifras/aes-1-musa_consolatrix.txt-25.txt;1.7859001673059538e-05
Decifra;aes;cifras/aes-1-musa_consolatrix.txt-26.txt;1.8899001588579267e-05
Decifra;aes;cifras/aes-1-musa_consolatrix.txt-27.txt;1.8400998669676483e-05
Decifra;aes;cifras/aes-1-musa_consolatrix.txt-28.txt;1.7731999832903966e-05
Decifra;aes;cifras/aes-1-musa_consolatrix.txt-29.txt;1.8646998796612024e-05
Decifra;aes;cifras/aes-1-musa_consolatrix.txt-30.txt;1.7868998838821426e-05
Decifra;aes;cifras/aes-1-musa_consolatrix.txt-31.txt;1.839800097513944e-05
Decifra;aes;cifras/aes-2-braz_cubas_I.txt-1.txt;1.9000999600393698e-05
Decifra;aes;cifras/aes-2-braz_cubas_I.txt-2.txt;1.9187998987035826e-05
Decifra;aes;cifras/aes-2-braz_cubas_I.txt-3.txt;1.707499905023724e-05
Decifra;aes;cifras/aes-2-braz_cubas_I.txt-4.txt;1.9520000932971016e-05
Decifra;aes;cifras/aes-2-braz_cubas_I.txt-5.txt;2.0193998352624476e-05
Decifra;aes;cifras/aes-2-braz_cubas_I.txt-6.txt;1.9654999050544575e-05
Decifra;aes;cifras/aes-2-braz_cubas_I.txt-7.txt;1.8685001123230904e-05
Decifra;aes;cifras/aes-2-braz_cubas_I.txt-8.txt;1.987199721042998e-05
Decifra;aes;cifras/aes-2-braz_cubas_I.txt-9.txt;1.949299985426478e-05
Decifra;aes;cifras/aes-2-braz_cubas_I.txt-10.txt;2.40440022025723e-05
Decifra;aes;cifras/aes-2-braz_cubas_I.txt-11.txt;1.8826998712029308e-05
Decifra;aes;cifras/aes-2-braz_cubas_I.txt-12.txt;2.6158999389735982e-05
Decifra;aes;cifras/aes-2-braz_cubas_I.txt-13.txt;1.8614999135024846e-05
Decifra;aes;cifras/aes-2-braz_cubas_I.txt-14.txt;1.82959993253462e-05
Decifra;aes;cifras/aes-2-braz_cubas_I.txt-15.txt;1.987200084840879e-05
Decifra;aes;cifras/aes-2-braz_cubas_I.txt-16.txt;1.953000173671171e-05
Decifra;aes;cifras/aes-2-braz_cubas_I.txt-17.txt;1.7501999536762014e-05
Decifra;aes;cifras/aes-2-braz_cubas_I.txt-18.txt;1.922699811984785e-05
Decifra;aes;cifras/aes-2-braz_cubas_I.txt-19.txt;1.83850024768617e-05
Decifra;aes;cifras/aes-2-braz_cubas_I.txt-20.txt;1.8681999790715054e-05
Decifra;aes;cifras/aes-2-braz_cubas_I.txt-21.txt;1.8949001969303936e-05
Decifra;aes;cifras/aes-2-braz_cubas_I.txt-22.txt;1.924699972732924e-05
Decifra;aes;cifras/aes-2-braz_cubas_I.txt-23.txt;1.882000287878327e-05
Decifra;aes;cifras/aes-2-braz_cubas_I.txt-24.txt;1.9436000002315268e-05
Decifra;aes;cifras/aes-2-braz_cubas_I.txt-25.txt;1.8611000996315852e-05
Decifra;aes;cifras/aes-2-braz_cubas_I.txt-26.txt;1.8129001546185464e-05
Decifra;aes;cifras/aes-2-braz_cubas_I.txt-27.txt;1.871400309028104e-05
Decifra;aes;cifras/aes-2-braz_cubas_I.txt-28.txt;1.910900027723983e-05
Decifra;aes;cifras/aes-2-braz_cubas_I.txt-29.txt;1.99229980353266e-05
Decifra;aes;cifras/aes-2-braz_cubas_I.txt-30.txt;1.963300019269809e-05
Decifra;aes;cifras/aes-2-braz_cubas_I.txt-31.txt;1.8462000298313797e-05
Decifra;aes;cifras/aes-3-dom_casmurro.txt-1.txt;0.00018013000226346776
Decifra;aes;cifras/aes-3-dom_casmurro.txt-2.txt;0.00016987499839160591
Decifra;aes;cifras/aes-3-dom_casmurro.txt-3.txt;0.00017424799807486124
Decifra;aes;cifras/aes-3-dom_casmurro.txt-4.txt;0.0001708979980321601
Decifra;aes;cifras/aes-3-dom_casmurro.txt-5.txt;0.0001728229981381446
Decifra;aes;cifras/aes-3-dom_casmurro.txt-6.txt;0.00017900099919643253
Decifra;aes;cifras/aes-3-dom_casmurro.txt-7.txt;0.00018674799866857938
Decifra;aes;cifras/aes-3-dom_casmurro.txt-8.txt;0.0001720889995340258
Decifra;aes;cifras/aes-3-dom_casmurro.txt-9.txt;0.00017064999701688066
Decifra;aes;cifras/aes-3-dom_casmurro.txt-10.txt;0.00018352299957768992
Decifra;aes;cifras/aes-3-dom_casmurro.txt-11.txt;0.0001823210004658904
Decifra;aes;cifras/aes-3-dom_casmurro.txt-12.txt;0.00018114700287696905
Decifra;aes;cifras/aes-3-dom_casmurro.txt-13.txt;0.00017896000281325541
Decifra;aes;cifras/aes-3-dom_casmurro.txt-14.txt;0.0001739979998092167
Decifra;aes;cifras/aes-3-dom_casmurro.txt-15.txt;0.00017326599845546298
Decifra;aes;cifras/aes-3-dom_casmurro.txt-16.txt;0.00017175000175484456
Decifra;aes;cifras/aes-3-dom_casmurro.txt-17.txt;0.0001724440007819794
Decifra;aes;cifras/aes-3-dom_casmurro.txt-18.txt;0.000190763999853516
Decifra;aes;cifras/aes-3-dom_casmurro.txt-19.txt;0.0001708230010990519
Decifra;aes;cifras/aes-3-dom_casmurro.txt-20.txt;0.00017277500228374265
Decifra;aes;cifras/aes-3-dom_casmurro.txt-21.txt;0.00017255399870919064
Decifra;aes;cifras/aes-3-dom_casmurro.txt-22.txt;0.0001721400003589224
Decifra;aes;cifras/aes-3-dom_casmurro.txt-23.txt;0.00017204799951286986
Decifra;aes;cifras/aes-3-dom_casmurro.txt-24.txt;0.00017584299712325446
Decifra;aes;cifras/aes-3-dom_casmurro.txt-25.txt;0.0001725549991533626
Decifra;aes;cifras/aes-3-dom_casmurro.txt-26.txt;0.00017179799760924652
Decifra;aes;cifras/aes-3-dom_casmurro.txt-27.txt;0.0001714429999992717
Decifra;aes;cifras/aes-3-dom_casmurro.txt-28.txt;0.0001700409993645735
Decifra;aes;cifras/aes-3-dom_casmurro.txt-29.txt;0.00017004799883579835
Decifra;aes;cifras/aes-3-dom_casmurro.txt-30.txt;0.00017073300114134327
Decifra;aes;cifras/aes-3-dom_casmurro.txt-31.txt;0.0001820050019887276
Decifra;aes;cifras/aes-4-la_plebe_III.txt-1.txt;0.00042625999776646495
Decifra;aes;cifras/aes-4-la_plebe_III.txt-2.txt;0.0004255899984855205
Decifra;aes;cifras/aes-4-la_plebe_III.txt-3.txt;0.0004260810019331984
Decifra;aes;cifras/aes-4-la_plebe_III.txt-4.txt;0.0004658049983845558
Decifra;aes;cifras/aes-4-la_plebe_III.txt-5.txt;0.0004211039995425381
Decifra;aes;cifras/aes-4-la_plebe_III.txt-6.txt;0.00047306799751822837
Decifra;aes;cifras/aes-4-la_plebe_III.txt-7.txt;0.00043336800081306137
Decifra;aes;cifras/aes-4-la_plebe_III.txt-8.txt;0.00044457999683800153
Decifra;aes;cifras/aes-4-la_plebe_III.txt-9.txt;0.0004656990022340324
Decifra;aes;cifras/aes-4-la_plebe_III.txt-10.txt;0.00042861399924731813
Decifra;aes;cifras/aes-4-la_plebe_III.txt-11.txt;0.00042554099854896776
Decifra;aes;cifras/aes-4-la_plebe_III.txt-12.txt;0.000431132000812795
Decifra;aes;cifras/aes-4-la_plebe_III.txt-13.txt;0.00043060999814770184
Decifra;aes;cifras/aes-4-la_plebe_III.txt-14.txt;0.00042738200136227533
Decifra;aes;cifras/aes-4-la_plebe_III.txt-15.txt;0.0004264670023985673
Decifra;aes;cifras/aes-4-la_plebe_III.txt-16.txt;0.00042719200064311735
Decifra;aes;cifras/aes-4-la_plebe_III.txt-17.txt;0.0004294800019124523
Decifra;aes;cifras/aes-4-la_plebe_III.txt-18.txt;0.00044401099876267835
Decifra;aes;cifras/aes-4-la_plebe_III.txt-19.txt;0.00043776399979833513
Decifra;aes;cifras/aes-4-la_plebe_III.txt-20.txt;0.00043053499757661484
Decifra;aes;cifras/aes-4-la_plebe_III.txt-21.txt;0.00042711100104497746
Decifra;aes;cifras/aes-4-la_plebe_III.txt-22.txt;0.00048627999785821885
Decifra;aes;cifras/aes-4-la_plebe_III.txt-23.txt;0.0004751859996758867
Decifra;aes;cifras/aes-4-la_plebe_III.txt-24.txt;0.0004370459973870311
Decifra;aes;cifras/aes-4-la_plebe_III.txt-25.txt;0.0004281350011297036
Decifra;aes;cifras/aes-4-la_plebe_III.txt-26.txt;0.00046927899893489666
Decifra;aes;cifras/aes-4-la_plebe_III.txt-27.txt;0.0004315940022934228
Decifra;aes;cifras/aes-4-la_plebe_III.txt-28.txt;0.000437157999840565
Decifra;aes;cifras/aes-4-la_plebe_III.txt-29.txt;0.0004284069982531946
Decifra;aes;cifras/aes-4-la_plebe_III.txt-30.txt;0.00043267699948046356
Decifra;aes;cifras/aes-4-la_plebe_III.txt-31.txt;0.0004265710012987256
Decifra;proposed;cifras/proposed-1-musa_consolatrix.txt-1.txt;0.00013285699969856068
Decifra;proposed;cifras/proposed-1-musa_consolatrix.txt-2.txt;0.00013241800115793012
Decifra;proposed;cifras/proposed-1-musa_consolatrix.txt-3.txt;0.00013712500003748573
Decifra;proposed;cifras/proposed-1-musa_consolatrix.txt-4.txt;0.00014081900008022785
Decifra;proposed;cifras/proposed-1-musa_consolatrix.txt-5.txt;0.00013220800246926956
Decifra;proposed;cifras/proposed-1-musa_consolatrix.txt-6.txt;0.00013309600035427138
Decifra;proposed;cifras/proposed-1-musa_consolatrix.txt-7.txt;0.00013350000153877772
Decifra;proposed;cifras/proposed-1-musa_consolatrix.txt-8.txt;0.00013621100151794963
Decifra;proposed;cifras/proposed-1-musa_consolatrix.txt-9.txt;0.00013365899940254167
Decifra;proposed;cifras/proposed-1-musa_consolatrix.txt-10.txt;0.00013554500037571415
Decifra;proposed;cifras/proposed-1-musa_consolatrix.txt-11.txt;0.00013437199959298596
Decifra;proposed;cifras/proposed-1-musa_consolatrix.txt-12.txt;0.00013446099910652265
Decifra;proposed;cifras/proposed-1-musa_consolatrix.txt-13.txt;0.00014685299902339466
Decifra;proposed;cifras/proposed-1-musa_consolatrix.txt-14.txt;0.00013254599980427884
Decifra;proposed;cifras/proposed-1-musa_consolatrix.txt-15.txt;0.00013424400094663724
Decifra;proposed;cifras/proposed-1-musa_consolatrix.txt-16.txt;0.00013528400086215697
Decifra;proposed;cifras/proposed-1-musa_consolatrix.txt-17.txt;0.00013497799955075607
Decifra;proposed;cifras/proposed-1-musa_consolatrix.txt-18.txt;0.00014279100287239999
Decifra;proposed;cifras/proposed-1-musa_consolatrix.txt-19.txt;0.00014044600175111555
Decifra;proposed;cifras/proposed-1-musa_consolatrix.txt-20.txt;0.00013358399883145466
Decifra;proposed;cifras/proposed-1-musa_consolatrix.txt-21.txt;0.00013237399980425835
Decifra;proposed;cifras/proposed-1-musa_consolatrix.txt-22.txt;0.0001326849996985402
Decifra;proposed;cifras/proposed-1-musa_consolatrix.txt-23.txt;0.00013458700050250627
Decifra;proposed;cifras/proposed-1-musa_consolatrix.txt-24.txt;0.0001317530004598666
Decifra;proposed;cifras/proposed-1-musa_consolatrix.txt-25.txt;0.0001332869978796225
Decifra;proposed;cifras/proposed-1-musa_consolatrix.txt-26.txt;0.00013190800018492155
Decifra;proposed;cifras/proposed-1-musa_consolatrix.txt-27.txt;0.00015372499910881743
Decifra;proposed;cifras/proposed-1-musa_consolatrix.txt-28.txt;0.00013371999739320017
Decifra;proposed;cifras/proposed-1-musa_consolatrix.txt-29.txt;0.0001332179999735672
Decifra;proposed;cifras/proposed-1-musa_consolatrix.txt-30.txt;0.00013450600090436637
Decifra;proposed;cifras/proposed-1-musa_consolatrix.txt-31.txt;0.00013503499940270558
Decifra;proposed;cifras/proposed-2-braz_cubas_I.txt-1.txt;0.0005516589990293141
Decifra;proposed;cifras/proposed-2-braz_cubas_I.txt-2.txt;0.0005506589986907784
Decifra;proposed;cifras/proposed-2-braz_cubas_I.txt-3.txt;0.0005506469969986938
Decifra;proposed;cifras/proposed-2-braz_cubas_I.txt-4.txt;0.0005499590006365906
Decifra;proposed;cifras/proposed-2-braz_cubas_I.txt-5.txt;0.0005535190030059312
Decifra;proposed;cifras/proposed-2-braz_cubas_I.txt-6.txt;0.000546590999874752
Decifra;proposed;cifras/proposed-2-braz_cubas_I.txt-7.txt;0.0005597239978669677
Decifra;proposed;cifras/proposed-2-braz_cubas_I.txt-8.txt;0.0005510700029844884
Decifra;proposed;cifras/proposed-2-braz_cubas_I.txt-9.txt;0.0005529320005734917
Decifra;proposed;cifras/proposed-2-braz_cubas_I.txt-10.txt;0.0005625489975500386
Decifra;proposed;cifras/proposed-2-braz_cubas_I.txt-11.txt;0.0005689280005753972
Decifra;proposed;cifras/proposed-2-braz_cubas_I.txt-12.txt;0.0005513989999599289
Decifra;proposed;cifras/proposed-2-braz_cubas_I.txt-13.txt;0.0005463060006150045
Decifra;proposed;cifras/proposed-2-braz_cubas_I.txt-14.txt;0.0005547300024772994
Decifra;proposed;cifras/proposed-2-braz_cubas_I.txt-15.txt;0.0005500700026459526
Decifra;proposed;cifras/proposed-2-braz_cubas_I.txt-16.txt;0.000553648998902645
Decifra;proposed;cifras/proposed-2-braz_cubas_I.txt-17.txt;0.0005611409978882875
Decifra;proposed;cifras/proposed-2-braz_cubas_I.txt-18.txt;0.0005585369981417898
Decifra;proposed;cifras/proposed-2-braz_cubas_I.txt-19.txt;0.0005606459999398794
Decifra;proposed;cifras/proposed-2-braz_cubas_I.txt-20.txt;0.0005497960009961389
Decifra;proposed;cifras/proposed-2-braz_cubas_I.txt-21.txt;0.0005484829998749774
Decifra;proposed;cifras/proposed-2-braz_cubas_I.txt-22.txt;0.0005596730006800499
Decifra;proposed;cifras/proposed-2-braz_cubas_I.txt-23.txt;0.000547388000995852
Decifra;proposed;cifras/proposed-2-braz_cubas_I.txt-24.txt;0.0005512850002560299
Decifra;proposed;cifras/proposed-2-braz_cubas_I.txt-25.txt;0.0005470679971040227
Decifra;proposed;cifras/proposed-2-braz_cubas_I.txt-26.txt;0.0005498069986060727
Decifra;proposed;cifras/proposed-2-braz_cubas_I.txt-27.txt;0.0005488950009748805
Decifra;proposed;cifras/proposed-2-braz_cubas_I.txt-28.txt;0.0005537739998544566
Decifra;proposed;cifras/proposed-2-braz_cubas_I.txt-29.txt;0.0005533390030905139
Decifra;proposed;cifras/proposed-2-braz_cubas_I.txt-30.txt;0.0005521450002561323
Decifra;proposed;cifras/proposed-2-braz_cubas_I.txt-31.txt;0.0005558289994951338
Decifra;proposed;cifras/proposed-3-dom_casmurro.txt-1.txt;0.05784174099972006
Decifra;proposed;cifras/proposed-3-dom_casmurro.txt-2.txt;0.05776871100169956
Decifra;proposed;cifras/proposed-3-dom_casmurro.txt-3.txt;0.05879001300127129
Decifra;proposed;cifras/proposed-3-dom_casmurro.txt-4.txt;0.05786605600223993
Decifra;proposed;cifras/proposed-3-dom_casmurro.txt-5.txt;0.05750622000050498
Decifra;proposed;cifras/proposed-3-dom_casmurro.txt-6.txt;0.05800907999946503
Decifra;proposed;cifras/proposed-3-dom_casmurro.txt-7.txt;0.0577347889993689
Decifra;proposed;cifras/proposed-3-dom_casmurro.txt-8.txt;0.05814887399901636
Decifra;proposed;cifras/proposed-3-dom_casmurro.txt-9.txt;0.05762379899897496
Decifra;proposed;cifras/proposed-3-dom_casmurro.txt-10.txt;0.058709422999527305
Decifra;proposed;cifras/proposed-3-dom_casmurro.txt-11.txt;0.05803468800149858
Decifra;proposed;cifras/proposed-3-dom_casmurro.txt-12.txt;0.0578943389991764
Decifra;proposed;cifras/proposed-3-dom_casmurro.txt-13.txt;0.059009691001847386
Decifra;proposed;cifras/proposed-3-dom_casmurro.txt-14.txt;0.05780006299755769
Decifra;proposed;cifras/proposed-3-dom_casmurro.txt-15.txt;0.05720137300158967
Decifra;proposed;cifras/proposed-3-dom_casmurro.txt-16.txt;0.05751325600067503
Decifra;proposed;cifras/proposed-3-dom_casmurro.txt-17.txt;0.05729277200225624
Decifra;proposed;cifras/proposed-3-dom_casmurro.txt-18.txt;0.05840851399989333
Decifra;proposed;cifras/proposed-3-dom_casmurro.txt-19.txt;0.05811395500131766
Decifra;proposed;cifras/proposed-3-dom_casmurro.txt-20.txt;0.057356354998773895
Decifra;proposed;cifras/proposed-3-dom_casmurro.txt-21.txt;0.058073022999451496
Decifra;proposed;cifras/proposed-3-dom_casmurro.txt-22.txt;0.05758048099960433
Decifra;proposed;cifras/proposed-3-dom_casmurro.txt-23.txt;0.05972883699723752
Decifra;proposed;cifras/proposed-3-dom_casmurro.txt-24.txt;0.057223120998969534
Decifra;proposed;cifras/proposed-3-dom_casmurro.txt-25.txt;0.05745014999774867
Decifra;proposed;cifras/proposed-3-dom_casmurro.txt-26.txt;0.057684610997966956
Decifra;proposed;cifras/proposed-3-dom_casmurro.txt-27.txt;0.05758013200102141
Decifra;proposed;cifras/proposed-3-dom_casmurro.txt-28.txt;0.057993689999420894
Decifra;proposed;cifras/proposed-3-dom_casmurro.txt-29.txt;0.05760568500045338
Decifra;proposed;cifras/proposed-3-dom_casmurro.txt-30.txt;0.05761038499986171
Decifra;proposed;cifras/proposed-3-dom_casmurro.txt-31.txt;0.058178945000690874
Decifra;proposed;cifras/proposed-4-la_plebe_III.txt-1.txt;0.16476443200008362
Decifra;proposed;cifras/proposed-4-la_plebe_III.txt-2.txt;0.16589868800292606
Decifra;proposed;cifras/proposed-4-la_plebe_III.txt-3.txt;0.16752712100060307
Decifra;proposed;cifras/proposed-4-la_plebe_III.txt-4.txt;0.16461193400027696
Decifra;proposed;cifras/proposed-4-la_plebe_III.txt-5.txt;0.16669232200001716
Decifra;proposed;cifras/proposed-4-la_plebe_III.txt-6.txt;0.1657483279996086
Decifra;proposed;cifras/proposed-4-la_plebe_III.txt-7.txt;0.16519504399911966
Decifra;proposed;cifras/proposed-4-la_plebe_III.txt-8.txt;0.166309973999887
Decifra;proposed;cifras/proposed-4-la_plebe_III.txt-9.txt;0.16968245099997148
Decifra;proposed;cifras/proposed-4-la_plebe_III.txt-10.txt;0.1647728809984983
Decifra;proposed;cifras/proposed-4-la_plebe_III.txt-11.txt;0.1679152679971594
Decifra;proposed;cifras/proposed-4-la_plebe_III.txt-12.txt;0.16534542499721283
Decifra;proposed;cifras/proposed-4-la_plebe_III.txt-13.txt;0.16565336499843397
Decifra;proposed;cifras/proposed-4-la_plebe_III.txt-14.txt;0.16611491900039255
Decifra;proposed;cifras/proposed-4-la_plebe_III.txt-15.txt;0.16585376100192661
Decifra;proposed;cifras/proposed-4-la_plebe_III.txt-16.txt;0.16513386299993726
Decifra;proposed;cifras/proposed-4-la_plebe_III.txt-17.txt;0.16648490100124036
Decifra;proposed;cifras/proposed-4-la_plebe_III.txt-18.txt;0.16681456600053934
Decifra;proposed;cifras/proposed-4-la_plebe_III.txt-19.txt;0.1655436360015301
Decifra;proposed;cifras/proposed-4-la_plebe_III.txt-20.txt;0.16599661999862292
Decifra;proposed;cifras/proposed-4-la_plebe_III.txt-21.txt;0.16547905300103594
Decifra;proposed;cifras/proposed-4-la_plebe_III.txt-22.txt;0.16723499599902425
Decifra;proposed;cifras/proposed-4-la_plebe_III.txt-23.txt;0.1660342920004041
Decifra;proposed;cifras/proposed-4-la_plebe_III.txt-24.txt;0.16668467000272358
Decifra;proposed;cifras/proposed-4-la_plebe_III.txt-25.txt;0.16505203999986406
Decifra;proposed;cifras/proposed-4-la_plebe_III.txt-26.txt;0.16584747999877436
Decifra;proposed;cifras/proposed-4-la_plebe_III.txt-27.txt;0.16706794199853903
Decifra;proposed;cifras/proposed-4-la_plebe_III.txt-28.txt;0.16506019000007655
Decifra;proposed;cifras/proposed-4-la_plebe_III.txt-29.txt;0.1706268359994283
Decifra;proposed;cifras/proposed-4-la_plebe_III.txt-30.txt;0.16710116300237132
Decifra;proposed;cifras/proposed-4-la_plebe_III.txt-31.txt;0.16839860699838027
